{
  "mean": -2.8602964878082275,
  "std": 2.0566928386688232
}