{
  "individual_models": {
    "seed42": {
      "rmse": 0.9376347444976657,
      "mae": 0.7058878540992737,
      "r2": 0.8067237138748169
    },
    "seed123": {
      "rmse": 0.9787037377367669,
      "mae": 0.7632120251655579,
      "r2": 0.7894216775894165
    },
    "seed456": {
      "rmse": 0.9376930355973222,
      "mae": 0.7182895541191101,
      "r2": 0.8066996335983276
    },
    "seed789": {
      "rmse": 0.986395986507539,
      "mae": 0.7566502690315247,
      "r2": 0.7860984802246094
    },
    "seed101112": {
      "rmse": 1.0467373771735466,
      "mae": 0.8097493648529053,
      "r2": 0.7591277956962585
    }
  },
  "ensemble": {
    "mean": {
      "rmse": 0.9351765132483795,
      "mae": 0.725681722164154,
      "r2": 0.807735800743103,
      "avg_disagreement": 0.2891123294830322
    },
    "median": {
      "rmse": 0.9382987116857159,
      "mae": 0.731838047504425,
      "r2": 0.8064498901367188,
      "avg_disagreement": 0.2891123294830322
    },
    "weighted": {
      "rmse": 0.9360202873692706,
      "mae": 0.7262141704559326,
      "r2": 0.8073887228965759,
      "avg_disagreement": 0.2891123294830322
    }
  },
  "verdict": "ensemble beats best individual model"
}