{
  "rmse": 1.0332514097184284,
  "mae": 0.7687126398086548,
  "r2": 0.7652944922447205
}