{
  "rmse": 0.9400688263369762,
  "mae": 0.7353352904319763,
  "r2": 0.8057188987731934
}