{
  "rmse": 1.0480674101829217,
  "mae": 0.8443812727928162,
  "r2": 0.7585152387619019
}