{
  "mean": {
    "best_val_loss": 0.2114994376897812,
    "test_rmse": 0.9376347444976657,
    "test_mae": 0.7058878540992737,
    "test_r2": 0.8067237138748169
  },
  "sum": {
    "best_val_loss": 0.16650174096622297,
    "test_rmse": 0.9400688263369762,
    "test_mae": 0.7353352904319763,
    "test_r2": 0.8057188987731934
  },
  "set2set": {
    "best_val_loss": 0.19707810245783983,
    "test_rmse": 1.0480674101829217,
    "test_mae": 0.8443812727928162,
    "test_r2": 0.7585152387619019
  },
  "attention": {
    "best_val_loss": 0.20557245361593973,
    "test_rmse": 1.0332514097184284,
    "test_mae": 0.7687126398086548,
    "test_r2": 0.7652944922447205
  }
}