{
  "rmse": 0.9376347444976657,
  "mae": 0.7058878540992737,
  "r2": 0.8067237138748169
}