{
  "per_assay": {
    "NR-AR": {
      "auc": 0.7731386861313868,
      "auprc": 0.43894360020319806,
      "n_test": 710,
      "n_pos": 25,
      "auc_se": 0.05577025490760182,
      "reliability": "low"
    },
    "NR-AR-LBD": {
      "auc": 0.7716227347611202,
      "auprc": 0.25149061356609415,
      "n_test": 631,
      "n_pos": 24,
      "auc_se": 0.05706634760259554,
      "reliability": "low"
    },
    "NR-AhR": {
      "auc": 0.8171785028790787,
      "auprc": 0.5236762954424615,
      "n_test": 613,
      "n_pos": 92,
      "auc_se": 0.027853400962422174,
      "reliability": "high"
    },
    "NR-Aromatase": {
      "auc": 0.6851449275362319,
      "auprc": 0.24314255733584914,
      "n_test": 502,
      "n_pos": 42,
      "auc_se": 0.04695243025791492,
      "reliability": "medium"
    },
    "NR-ER": {
      "auc": 0.7041419248633076,
      "auprc": 0.3337296286492473,
      "n_test": 539,
      "n_pos": 73,
      "auc_se": 0.035824973861089536,
      "reliability": "medium"
    },
    "NR-ER-LBD": {
      "auc": 0.7982114193992204,
      "auprc": 0.24426016049200888,
      "n_test": 651,
      "n_pos": 28,
      "auc_se": 0.050994922686702825,
      "reliability": "low"
    },
    "NR-PPAR-gamma": {
      "auc": 0.7212980466288594,
      "auprc": 0.24327156023077767,
      "n_test": 559,
      "n_pos": 30,
      "auc_se": 0.05380885625762161,
      "reliability": "low"
    },
    "SR-ARE": {
      "auc": 0.740544072226182,
      "auprc": 0.5550285382740863,
      "n_test": 467,
      "n_pos": 122,
      "auc_se": 0.02804429797557094,
      "reliability": "high"
    },
    "SR-ATAD5": {
      "auc": 0.7690312307376208,
      "auprc": 0.31351926275755276,
      "n_test": 659,
      "n_pos": 31,
      "auc_se": 0.05047122515646426,
      "reliability": "low"
    },
    "SR-HSE": {
      "auc": 0.8090277777777778,
      "auprc": 0.326970525836424,
      "n_test": 570,
      "n_pos": 48,
      "auc_se": 0.03859244382030902,
      "reliability": "medium"
    },
    "SR-MMP": {
      "auc": 0.833933765943164,
      "auprc": 0.565834009555297,
      "n_test": 519,
      "n_pos": 109,
      "auc_se": 0.02504187615391175,
      "reliability": "high"
    },
    "SR-p53": {
      "auc": 0.7528019323671498,
      "auprc": 0.29411030566660684,
      "n_test": 627,
      "n_pos": 75,
      "auc_se": 0.03367694519540787,
      "reliability": "medium"
    }
  },
  "mean_auc": 0.7646729184375917,
  "mean_auprc": 0.36116475483413363
}